{"cameraMode":{"drawMode":0,"name":"Shaded","section":"Shading Mode"},"sceneLighting":false,"audioPlay":false,"sceneViewState":{"showFog":true,"showMaterialUpdate":false,"showSkybox":false,"showFlares":true,"showImageEffects":true,"showParticleSystems":true},"in2DMode":false,"pivot":{"x":-3.853407859802246,"y":1.2449641227722169,"z":2.323228120803833},"rotation":{"x":0.0026453332975506784,"y":0.8351904153823853,"z":-0.00401686318218708,"w":0.54994136095047},"size":-1.4133973121643067,"orthographic":false}